X,Y,OBJECTID,Count_,Int_Number,Location,Dist
771099.088020816,2937614.92388435,1,386,3121,Columbia Rd. & Wyola Place,DO
770993.948280409,2951341.40890604,2,388,319,Columbus Ave. & Dartmouth St.,BP
764810.1907828,2941731.78957801,3,389,507,Columbus Ave. & Dimock St.,RX
769227.260600597,2949409.65839796,4,390,95,Columbus Ave. & Massachusetts Ave.,BP
767630.862961859,2947879.91978635,5,391,2085,Columbus Ave. & Melnea Cass Blvd.,RX
770655.881088406,2950971.90325955,6,393,577,Columbus Ave. & West Canton St.,BP
770109.838661373,2950370.20326555,7,394,320,Columbus Ave. & West Newton St.,BP
776891.949220732,2956963.91010812,8,400,290,Commercial St. & Cross St.,BP
776687.324176505,2959351.41070528,9,401,328,Commercial St. & Foster St.,BP
777094.511330038,2959149.90802218,10,402,424,Commercial St. & Hanover St.,BP
762925.696419746,2952718.15678224,11,403,1283,Commonwealth Ave. & Cummington St.,BP
756698.781173795,2953035.73729362,12,404,845,Commonwealth Ave. & Fordham St.,AB
763315.384362683,2952732.40873905,13,405,457,Commonwealth Ave. & Granby St.,BP
755085.072493732,2952281.90499222,14,406,459,Commonwealth Ave. & Griggs St.,AB
755947.446570128,2952837.44306082,15,407,181,Commonwealth Ave. & Harvard Ave.,AB
765652.572404817,2952392.65681282,16,408,3087,Commonwealth Ave. & Kenmore St.,BP
751143.194542885,2949780.90773204,17,409,1190,Commonwealth Ave. & Leamington Rd.,AB
767397.822527558,2952432.40877235,18,410,90,Commonwealth Ave. & Massachusetts Ave.,BP
748669.194124058,2949011.90739314,19,412,1208,Commonwealth Ave. & South St.,AB
755375.132979751,2952641.55658334,20,413,880,Commonwealth Ave. & Spofford St.,AB
762516.893679157,2952782.65697898,21,414,177,Commonwealth Ave. & St. Mary's St.,BP
752764.257531613,2950450.90789127,22,416,180,Commonwealth Ave. & Washington St.,AB
780633.887051597,2964788.91184331,23,434,431,Condor St. & Meridian St.,EB
776262.886783436,2954935.90981509,24,437,362,Congress St. & Franklin St.,BP
775736.785950989,2957095.30254537,25,438,4035,Congress St. & Hanover St.,BP
776544.636942878,2954579.40948556,26,439,47,Congress St. & High St.,BP
776090.074088395,2955364.90968935,27,440,1520,Congress St. & Milk St.,BP
776684.993004844,2954402.15588316,28,441,3055,Congress St. & Purchase St.,BP
775952.323982492,2956112.15997376,29,442,52,Congress St. & State St.,BP
754670.632657841,2951411.6581912,30,450,641,Corey Rd. & Kelton St.,AB
753957.819998473,2950640.90791869,31,451,640,Corey Rd. & Summit Ave.,AB
753375.945608154,2950007.15585184,32,452,639,Corey Rd. & Washington St.,AB
754797.133630499,2927108.15357944,33,454,632,Cornell St. & Washington St.,WR
776253.511708409,2957484.41012822,34,458,4096,Cross St. & Hanover St.,BP
759293.460794479,2927271.42838012,35,463,250,Cummins Hwy. & Hyde Park Ave.,WR
757609.196721241,2928914.15402429,36,464,2262,Cummins Hwy. & Sycamore St.,WR
756790.571535572,2929631.65401004,37,465,252,Cummins Hwy. & Washington St.,WR
764892.323169976,2923766.65342149,38,466,1367,Cummins Hwy. & Woodhaven St.,DO
778399.880154297,2949737.18011762,39,473,4085,Cypher & D St.,SB
775942.074332848,2946920.90821847,40,474,1128,D St. & Dorchester Ave.,SB
779935.417337775,2951521.9226819,41,479,374,D St. & Summer St.,SB
777604.262203053,2948813.15846625,42,480,373,D St. & West Broadway,SB
778201.512410179,2949506.90887395,43,481,1484,D St. & West First St.,SB
776786.762075067,2947875.15849224,44,482,540,D St. & West Seventh St.,SB
777847.512080938,2949097.90861638,45,483,786,D St. & West Third St.,SB
773514.886903897,2934765.40582913,46,486,2355,Dakota St. & Geneva Ave.,DO
770041.385606766,2953893.65917844,47,488,750,Dartmouth St. & Marlborough St.,BP
770309.885803074,2953179.15916759,48,489,824,Dartmouth St. & Newbury St.,BP
770675.498692751,2952239.7284646,49,490,110,Dartmouth St. & Stuart St.,BP
771204.073248625,2950781.90861285,50,491,663,Dartmouth St. & Warren Ave.,BP
776993.699754998,2946156.40799822,51,523,173,Dorchester St. & Old Colony Ave.,SB
778432.324738577,2947238.15839095,52,524,949,Dorchester St. & West Fifth St.,SB
771894.761065125,2948303.4081976,53,550,547,East Newton St. & Harrison Ave.,BP
750838.882155344,2948274.15749262,54,556,800,Englewood Ave. & Sutherland St.,AB
775868.511559397,2953638.40952207,55,563,377,Essex St. & South St.,BP
776131.511719227,2954208.6594848,56,580,48,Federal St. & High St.,BP
762791.03118968,2946920.07080376,57,583,1944,Fenwood Rd. & Huntington Ave.,RX
763694.134982616,2937835.65612634,58,586,1531,Forest Hills St. & Glen Rd.,WR
763358.480159849,2935798.05280176,59,587,2047,Forest Hills St. & Williams St.,WR
772186.134954348,2928091.40324733,60,603,510,Fuller St. & Washington St.,DO
768316.760140121,2953258.40895243,61,611,865,Gloucester St. & Marlborough St.,BP
745213.569358647,2924645.65276644,62,612,714,Gould St. & Spring St.  / V.A. Hospital,WR
774694.011406407,2953103.40913464,63,626,367,Harrison Ave. & Kneeland St.,BP
773019.449603766,2949523.15756395,64,631,689,Harrison Ave. & Waltham St.,BP
768915.260673925,2944826.65748639,65,632,784,Harrison Ave. & Warren St.,RX
776928.638198256,2955093.65824158,66,642,566,High St. & Oliver St.,BP
776710.32429938,2954796.65975492,67,643,1197,High St. & Pearl St.,BP
777554.847662672,2955424.59720016,68,644,7004,High St. & Purchase St.,BP
775914.199125096,2954071.90939614,69,645,60,High St. & Summer St.,BP
768122.698248863,2941555.40681046,70,646,1561,Humboldt Ave. & Martin Luther King Jr. Blvd.,RX
767992.635517836,2940837.65679112,71,647,556,Humboldt Ave. & Townsend St.,RX
768122.57847631,2942170.29152553,72,648,572,Humboldt Ave. & Walnut Ave.,RX
767510.885437161,2939942.9064229,73,649,947,Humboldt Ave. & Waumbeck St.,RX
767773.010603338,2940384.4066184,74,650,1723,Humboldt Ave. & Wyoming St.,RX
758440.947156399,2920588.40237381,75,668,871,Hyde Park Ave. & West St.,HP
768906.26069732,2944629.4075146,76,674,1969,Kearsarge Ave. & Warren St. @ The Boy's Club,RX
766680.822681025,2947744.90803523,77,681,1526,Leon St. & Ruggles St.,RX
773566.511188179,2952022.15908034,78,695,1328,Marginal Rd. & Shawmut Ave.,BP
767501.697677985,2952149.15896016,79,704,91,Massachusetts Ave. & Newbury St.,BP
768599.296820611,2949984.89191532,80,706,134,Massachusetts Ave. & St. Botolph St.,BP
757473.070767343,2925790.40277706,81,730,517,Metropolitan Ave. & Poplar St.,WR
760199.197272688,2920162.15255134,82,731,1104,Metropolitan Ave. & River St.,HP
755335.265835017,2927785.63268889,83,732,582,Metropolitan Ave. & Washington St.,WR
776244.824135438,2955397.90963528,84,733,327,Milk St. & Pearl St.,BP
775431.573964983,2955423.65988745,85,735,23,Milk St. & Washington St.,BP
751791.194626704,2951350.658198,86,736,512,Monastery St. & Washington St.,AB
779267.82540305,2941503.15730676,87,742,2336,Mt. Vernon St. @ Harbor Point Blvd.,SB
776696.536646187,2933182.96253487,88,744,469,Neponset Ave. & Victory Rd.,DO
774477.347528651,2957318.31052399,89,746,4091,New Chardon St. @ Bulfinch Pl.,BP
769702.948783726,2929335.90468097,90,751,959,Norfolk St. & Stanton St.,DO
770383.44883202,2930259.90467542,91,752,1065,Norfolk St. & Woodrow Ave.,DO
756221.14601019,2957593.65522845,92,756,188,North Harvard St. & Western Ave.,AB
770069.010766491,2948080.15820737,93,761,785,Northampton St. & Shawmut Ave.,BP
775163.905386776,2939987.08968966,94,777,230,Pleasant St. & Stoughton St.,DO
766385.658591315,2946605.0179792,95,781,4023,Prentiss St. & Tremont St.,RX
754811.009692788,2930328.15388273,96,795,771,Robert St. & South St.,WR
749744.951700464,2921374.2562841,97,796,1003,Rockingham Ave. & Washington St.  @ Engine #55,WR
748205.420757145,2919561.51278695,98,797,2335,Rockland St. & Washington St.,WR
768643.887752131,2946298.65547144,99,799,202,Ruggles St. & Shawmut Ave.,RX
790445.950959221,2965830.16097192,100,801,980,Saratoga St. & St. Edward Rd.,EB
778209.953622162,2954046.16422968,101,805,3109,Seaport Blvd. & Sleeper St.,SB
771491.19909288,2949360.40769371,102,806,647,Shawmut Ave. & West Brookline St.,BP
771189.511000037,2949087.90839423,103,807,545,Shawmut Ave. & West Newton St.,BP
755150.883524612,2930511.90432826,104,811,770,South St. & Walter St.,WR
756980.770329878,2929873.72542965,105,812,2165,South St. & Washington St. @ Forest Hills MBTA Station Busway Exit (Monitor #253),WR
763964.072058097,2946613.90768564,106,816,138,St. Alphonsus St. & Tremont St.,RX
750989.194534913,2948624.40752095,107,818,392,Strathmore Rd. & Sutherland Rd.,AB
777950.637097627,2952555.90925784,108,1,1251,A St. & Melcher St.,SB
777383.137012079,2956092.16006161,109,87,2006,Atlantic Ave. & Milk St.,BP
777256.824210688,2957137.91013478,110,89,1964,Atlantic Ave. & Richmond,BP
777312.699464217,2956403.91015159,111,90,2023,Atlantic Ave. & State St.,BP
776351.699325681,2953860.15946668,112,91,43,Atlantic Ave. & Summer St.,BP
758527.133484572,2953409.15865533,113,104,1263,Babcock St. & Commonwealth Ave.,BP
766165.975680113,2923719.04168101,114,105,849,Babson St. & Blue Hill Ave.,DO
766429.260925293,2926041.65362895,115,107,1648,Babson St. & Norfolk St.,DO
746297.293305188,2926204.95051391,116,108,817,Baker St. & Gardner St.,WR
746246.007085919,2925705.40285601,117,109,727,Baker St. & Spring St.,WR
759485.19661811,2937790.15576109,118,111,1786,Ballard St. & Centre St.,WR
772036.573560908,2954952.40963273,119,117,4080,Beacon St. & Brimmer St.,BP
772543.448621929,2955130.65965681,120,118,65,Beacon St. & Charles St.,BP
766553.271871716,2952933.39635316,121,119,314,Beacon St. & Charlesgate East,BP
766553.271871716,2952933.39635316,122,120,152,Beacon St. & Charlesgate West,BP
770511.385394707,2954397.16025352,123,122,336,Beacon St. & Clarendon St.,BP
769937.199433103,2954182.90985467,124,123,104,Beacon St. & Dartmouth St.,BP
769352.760537356,2953966.65934967,125,124,337,Beacon St. & Exeter St.,BP
768736.447683915,2953739.65908171,126,125,338,Beacon St. & Fairfield St.,BP
768208.947660789,2953544.90974291,127,126,339,Beacon St. & Gloucester St.,BP
761815.696626469,2948066.65793447,128,251,1432,Brookline Ave. & Francis St.,RX
767222.554828346,2939452.7229387,129,456,520,Crawford St. & Humboldt Ave.,RX
779725.753419325,2951278.72325414,130,475,4062,D St. & Fargo St.,SB
776405.574460179,2947436.40828747,131,477,147,D St. & Old Colony,SB
749439.245573014,2921024.17258847,132,498,1752,Desoto Rd. & Washington St.,WR
775819.986660466,2954867.80686349,133,499,56,Devonshire St. & Franklin St.,BP
775820.324249238,2955336.90973027,134,500,55,Devonshire St. & Milk St.,BP
775812.324252754,2955639.65983875,135,501,54,Devonshire St. & Water St.,BP
765616.88290222,2941469.40950038,136,502,4089,Dimock St. & Washington St.,RX
775903.886996672,2948839.90835652,137,504,2307,Dorchester Ave. & Haul Rd.,SB
775904.292192638,2948482.13341281,138,505,271,Dorchester Ave. & Old Colony Ave.,SB
775028.062666982,2934153.52313159,139,506,356,Dorchester Ave. & Park St.,DO
773187.906214967,2925135.08300461,140,507,721,Dorchester Ave. & Richmond St.,DO
775929.38729164,2939388.15674499,141,508,344,Dorchester Ave. & Savin Hill Ave.,DO
777031.352312505,2953400.81517738,142,509,46,Dorchester Ave. & Summer St.,BP
776058.074668303,2940901.90696564,143,510,4041,Dorchester Ave. & Taft St.,DO
773484.764220402,2926618.96747178,144,511,807,Dorchester Ave. & Valley Rd.,DO
775890.725239798,2949817.458754,145,512,309,Dorchester Ave. & West Fourth St.,SB
776065.53268218,2940287.50551766,146,513,960,Dorchester Ave. @ Belfort St. & Victoria St.,DO
774644.324581429,2932333.40534534,147,514,979,Dorchester Ave. @ Centre St.,DO
775409.699698478,2936191.405944,148,515,4026,Dorchester Ave. @ Kimball St.,DO
772938.386335924,2952135.15918148,149,696,1330,Marginal Rd. & Tremont St.,BP
777560.074697912,2946624.90815587,150,522,752,Dorchester St. & East Eighth St.,SB
773931.702142671,2951899.73407267,151,697,1332,Marginal Rd. & Washington St.,BP
778182.235302404,2947059.99203737,152,525,2161,Dorchester St. & West Sixth St.,SB
751010.319267079,2955011.65876843,153,698,187,Market St. & North Beacon St.,AB
771007.38617906,2944161.9074513,154,528,207,Dudley St. & Hampden St.  @ Dunmore St.,RX
768994.350089803,2945048.30997562,155,529,208,Dudley St. & Harrison Ave.,RX
767238.510136381,2952856.65898378,156,699,89,Marlborough St. & Massachusetts Ave.,BP
768797.876690716,2945081.59206061,157,530,209,Dudley St. & Warren St.,RX
778265.887102827,2948736.90884672,158,536,945,E St. & West Third St,SB
773940.453808159,2950501.40659405,159,537,366,East Berkeley St. & Harrison Ave.,BP
773207.136226147,2950798.90865435,160,538,87,East Berkeley St. & Shawmut Ave.,BP
767428.136008561,2941896.15649748,161,700,1595,Martin Luther King Jr. Blvd. & Walnut Ave.,RX
773508.6363419,2950661.90891293,162,539,365,East Berkeley St. & Washington St.,BP
769173.25837104,2941156.65822537,163,701,1611,Martin Luther King Jr. Blvd. & Warren St.,RX
779387.074966878,2947610.90840766,164,540,625,East Broadway & G St.,SB
770241.01077798,2948232.4082664,165,705,97,Massachusetts Ave. & Shawmut Ave.,BP
781777.200562745,2947678.65837151,166,541,304,East Broadway & L St.,SB
769605.159028456,2948936.52784751,167,707,96,Massachusetts Ave. & Tremont St.,BP
772168.198551789,2948606.15831628,168,543,661,East Brookline St. & Harrison Ave.,BP
770513.44041416,2947932.21393704,169,708,98,Massachusetts Ave. & Washington St.,BP
771557.573696241,2947933.90819734,170,545,467,East Concord St. & Harrison Ave.,BP
768151.19787778,2950423.65849432,171,709,93,Massachusetts Ave. & Westland Ave. @ St. Stephen St.,BP
781830.13818574,2946165.15815699,172,546,455,East Eighth St. & L St.,SB
771982.59791775,2946384.45793009,173,711,1552,Massachusetts Ave. @ Gerard St.,RX
780564.575482905,2947027.65819235,174,547,1462,East Fifth St. & I St.,SB
760353.75938952,2936738.15572576,175,716,1738,McBride St. & South St.,WR
781805.388198063,2947063.90849969,176,548,2242,East Fifth St. & L St.,SB
774621.386141032,2964091.16124724,177,718,1859,Medford St. & Terminal St.,CH
769039.948692694,2946932.40745667,178,720,2088,Melnea Cass Blvd. & Shawmut Ave.,RX
767331.387493908,2937396.65445822,179,553,325,Elm Hill Ave. & Seaver St.,RX
769471.093922138,2946603.62181339,180,723,2089,Melnea Cass Blvd. & Washington St.,RX
768806.823401779,2939393.9064779,181,554,580,Elm Hill Ave. & Warren St.  @ Waumbeck St.,RX
772003.699112862,2932194.90517251,182,724,148,Melville Ave. & Washington St.,DO
770175.886341557,2935863.90569134,183,559,607,Erie St. & Washington St.,DO
780654.137370169,2964038.16156104,184,726,983,Meridian St. & White St.,EB
774723.948991656,2953785.90954217,185,560,1070,Essex St. & Harrison Ave.,BP
775162.324044123,2957632.91014841,186,729,311,Merrimac St. & New Chardon St.,BP
775264.511661798,2953797.15877579,187,561,375,Essex St. & Kingston St.,BP
772686.385726988,2963453.41134624,188,562,2338,Essex St. & Main St.,CH
774022.507219434,2957319.91034512,189,765,4128,O'Connell Way & Staniford St.,BP
769490.112612411,2945941.09807754,190,566,573,Eustis St. & Harrison Ave.,RX
782111.439965636,2960908.02718134,191,766,4027,Orleans St. & Porter St.,EB
764826.733505979,2947989.15588644,192,568,1532,Evans Way & Huntington Ave.,RX
775475.198924199,2954367.15950263,193,767,605,Otis St. & Summer St.,BP
754383.632338271,2956485.65917735,194,570,897,Everett St. & Holton St.,AB
773305.13700071,2933501.15548253,195,770,591,Park St. & Waldeck St.,DO
753728.382294744,2954161.15876348,196,571,1336,Everett St. & North Beacon St.,AB
771930.199216768,2933000.40535401,197,771,539,Park St. & Washington St.,DO
754726.319999188,2957582.90950233,198,572,756,Everett St. & Western Ave.,AB
766029.698518574,2948078.40757285,199,773,389,Parker St. & Ruggles St.,RX
769728.135550737,2952964.40920679,200,574,793,Exeter St. & Newbury St.,BP
765083.884516507,2946190.15586743,201,774,610,Parker St. & Tremont St.,RX
749106.194113508,2954701.15860522,202,577,561,Faneuil St. & Parsons St.,AB
776892.261971846,2954537.40957405,203,775,602,Pearl St. & Purchase St.,BP
776034.824205607,2954886.40956827,204,579,49,Federal St. & Franklin St.,BP
761060.762826368,2942454.94265956,205,776,267,Perkins St. & South Huntington Ave.,WR
766841.697669163,2949104.40820771,206,589,643,Forsyth St. & Huntington Ave.,RX
764670.948309332,2921900.9028495,207,788,1734,Rector Rd. & River St.,DO
748856.1769315,2952410.19259413,208,591,1475,Foster St. & Washington St.,AB
756080.446627662,2917148.6516178,209,789,1318,Reservation Rd. & River St.,HP
762301.946746096,2947652.65771623,210,592,2330,Francis St. & Vining St.,RX
772696.387109727,2924608.15382139,211,790,1488,River St. & Washington St.,DO
776474.136723503,2955100.90985247,212,593,548,Franklin St. & Pearl St.,BP
762161.010296851,2920968.90280379,213,791,1448,River St. & Wood Ave.,HP
767967.326844528,2949721.80083281,214,604,363,Gainsborough St. & Huntington Ave.,BP
755566.320119008,2957616.15947241,215,849,698,Western Ave. @ Riverdale St.,AB
776336.136832535,2949905.65874188,216,2,1110,A St. & West Broadway,SB
774535.324719965,2933958.90568356,217,606,739,Geneva Ave. & Park St.,DO
776115.449249014,2949646.15854688,218,3,417,A St. & West Fourth St.,SB
773201.011806518,2935012.15569977,219,607,789,Geneva Ave. & Westville St.,DO
776665.136880115,2950281.90872964,220,4,1984,A St. & West Second St.,SB
757169.947001517,2915822.15143028,221,610,1109,Glenwood Ave. & Hyde Park Ave.,HP
776474.671735197,2930382.61464675,222,9,351,Adams St. & Ashmont St.,DO
776815.887775719,2926990.40425627,223,613,900,Granite Ave. & Hill Top St.,DO
774140.1997765,2924906.65398991,224,10,755,Adams St. & Butler St.,DO
776001.075785369,2934013.1559664,225,12,617,Adams St. & Gibson St.,DO
776658.012605414,2927502.15485644,226,614,345,Granite Ave. & Milton St.,DO
775703.137224048,2934413.40588821,227,13,357,Adams St. & Park St.,DO
748996.498690918,2920450.07354486,228,616,256,Grove St. & Washington St.,WR
774746.074967027,2925631.90401296,229,14,875,Adams St. & Richmond St.,DO
775969.700165913,2931535.4051954,230,16,1743,Adams St. @ Lonsdale St.,DO
755916.695312351,2928526.65477344,231,22,1686,Albano St. & Washington St.,WR
762403.457094714,2946721.31163473,232,663,3133,"Huntington Ave., Mission St., & St. Albans Rd",RX
751220.756862029,2955472.65892668,233,617,3112,Guest St. & Market St.,AB
771855.299828395,2946521.61445335,234,673,1093,"JFF Ramp, Massachusetts Ave., Melnea Cass Blvd., & Southampton St.",RX
766124.510352165,2939048.65634933,235,624,2069,Harold St. & Seaver St.,RX
772043.323821634,2947387.15821916,236,23,813,Albany St. & East Concord St.,BP
775397.011784092,2952860.90927038,237,678,403,"Kneeland St., Lincoln St., & Ramp X",BP
774236.511306003,2951541.4089895,238,625,1122,Harrison Ave. & Herald St.,BP
774289.511478797,2953187.90929537,239,679,15,"Kneeland St., Stuart St., & Washington St.",BP
771034.28988634,2947363.19005024,240,627,99,Harrison Ave. & Massachusetts Ave.,BP
772403.948812962,2947736.65825643,241,24,382,Albany St. & East Newton St.,BP
773750.947952569,2958614.14782465,242,685,2248,"Lomasney Way, Martha Rd., & Nashua St.",BP
769897.88351503,2946313.90909794,243,628,2090,Harrison Ave. & Melnea Cass Blvd.,RX
773487.197412878,2962542.40908527,244,690,1553,"Main St., School St., & West School St.",CH
774030.636374563,2950867.90888743,245,630,1452,Harrison Ave. & Traveler St.,BP
774765.074003443,2951398.65893856,246,25,70,Albany St. & Herald St.,BP
766515.510176554,2942507.90699899,247,702,1592,"Martin Luther King Jr. Blvd., Valentine St., & Washington St. (Monitor #4100)",RX
770209.4487032,2933466.15543427,248,636,511,Harvard St. & Norwell St.,DO
772540.759994105,2945604.40686709,249,714,697,"Massachusetts Ave., Pompeii St., & Theo A. Glynn Way",RX
771492.982316509,2946855.77070861,250,26,100,Albany St. & Massachusetts Ave.,BP
764512.635378316,2928162.15399152,251,637,686,Harvard St. & Walk Hill St.,DO
757540.634588122,2938891.15512234,252,715,862,"May St., Moss Hill Rd., & Pond St.",WR
762919.947068244,2944110.40725309,253,638,1802,Heath St. & Schiller St.,RX
770558.88593924,2946012.15769887,254,27,2091,Albany St. & Melnea Cass Blvd.,BP
762087.009540305,2936606.15569864,255,717,986,"McBride St., Rossmore Rd., & Washington St.",WR
767031.44759883,2950634.65840057,256,639,481,Hemenway St. & Westland Ave.,BP
772526.953018397,2925012.65439634,257,738,1243,"Morton St., Richmond St., & Washington St.",DO
773528.136267811,2951737.65893719,258,640,447,Herald St. & Shawmut Ave.,BP
771242.101217464,2946608.9338755,259,28,204,Albany St. & Northampton St.,BP
772222.135429978,2949497.90867445,260,741,1099,"Msgr. Reynolds Way, Washington St., & West Dedham St.",BP
773875.885861069,2951640.65923448,261,641,1127,Herald St. & Washington St.,BP
777737.700230449,2932056.90530057,262,745,982,"Neponset Ave., Pope's Hill St., & South Monroe Terr.",DO
775603.011560932,2957808.66017468,263,747,1862,"New Chardon St., North Washington St., & Surface Rd. SB  (w/ Canal St. @ New Chardon St.)",BP
774558.386410415,2950699.15888348,264,30,4115,Albany St. & Traveler St.,BP
764243.80018796,2947687.638694,265,652,269,Huntington Ave. & Longwood Ave.,RX
770566.57410787,2931624.905167,266,748,1921,"New England Ave., Norwell St., & Talbot Ave.",DO
768388.385448918,2950201.65857618,267,653,94,Huntington Ave. & Massachusetts Ave.,BP
773609.261426464,2952366.90911475,268,763,1922,"Oak St. West, Shawmut Ave., & Tremont St.",BP
773030.630401358,2968973.40445231,269,35,729,Alford St. & Dexter St.,CH
761054.14984104,2946245.18022917,270,655,206,Huntington Ave. & South Huntington Ave.,RX
774010.699023098,2952297.40925489,271,764,112,"Oak St., Oak St. West, & Washington St.",BP
763663.392126873,2947414.93509793,272,656,2354,Huntington Ave. & Wigglesworth St.,RX
773767.449118197,2943669.40745696,273,40,476,Allstate Rd. & Massachusetts Ave. @ Boston Edison Co.,DO
759478.190645292,2930890.35360268,274,665,881,Hyde Park Ave. & Southbourne Rd.,HP
774546.698931098,2955257.40982801,275,772,8,"Park St., Tremont St., & Winter St.",BP
760360.38448149,2933848.15504545,276,666,2162,Hyde Park Ave. & Ukraine Way,WR
775474.262133121,2939315.65653156,277,778,622,"Pleasant St., Savin Hill Ave., & Sawyer Ave.",DO
754977.007668212,2953959.90884417,278,41,1808,Allston St. & Brighton Ave.,AB
760002.88056007,2933147.67139089,279,667,249,Hyde Park Ave. & Walk Hill St.,WR
768972.323387355,2940592.15661405,280,786,526,"Quincy St., Townsend St., & Warren St.",RX
774868.699084803,2953041.40925303,281,677,401,Kneeland St. & Tyler St.,BP
767158.681417316,2947175.4451713,282,800,611,"Ruggles St., Tremont St., & Whittier St.",RX
754078.882716715,2952167.15844437,283,42,335,Allston St. & Commonwealth Ave.,AB
747941.129376411,2952343.42824627,284,680,726,Lake St. & Washington St.,AB
768967.07329531,2943409.6570974,285,840,990,"Walnut Ave., Warren St., & Whiting St.",RX
773008.138768613,2944863.90395764,286,688,696,Magazine St. & Massachusetts Ave.,RX
775254.107629895,2935195.50852206,287,11,228,Adams St. & Dorchester Ave. (Fields Corner),DO
753965.008369803,2951898.65772274,288,43,522,Allston St. & Kelton St.,AB
772044.323928863,2944364.15745109,289,689,527,Magazine St. & Norfolk Ave.,RX
774167.406842962,2949581.35577223,290,34,1333,"Albany St., MBTA Drive & Randolph St.",BP
777614.859713361,2955447.19568487,291,86,40,Atlantic Ave. & High St.  (Monitor #1486),BP
767497.760250673,2945778.40768306,292,691,2349,Malcolm X Blvd. & Roxbury St.,RX
777399.584823489,2954614.12276295,293,95,1216,"Atlantic Ave., Ramp CA-N, & Seaport Blvd.",BP
753538.353538439,2950986.06541213,294,44,638,Allston St. & Summit Ave.,AB
767778.073377237,2937079.90603124,295,694,981,Maple St. & Seaver St.,RX
750541.445133954,2947643.15649027,296,121,183,Beacon St. & Chestnut Hill Ave. (Cleveland Circle),AB
764965.447893247,2927781.65403956,297,45,719,Almont St. & Walk Hill St.,DO
756357.904985398,2929906.29523025,298,144,1088,"Belgrade Ave., MBTA Driveway, & South St.",WR
768492.073417827,2936534.65573038,299,188,2104,Blue Hill Ave. & Seaver St. (Rt. Turn),RX
769063.251790464,2938098.36092913,300,190,189,Blue Hill Ave. & Warren St. (Grove Hall),RX
767883.560504571,2933931.64072943,301,46,216,American Legion Hwy. & Blue Hill Ave.,DO
770355.573456392,2942085.65691647,302,191,1486,Blue Hill Ave. & West Cottage St.  (Monitor #1485),RX
759863.007677674,2926910.39066747,303,47,1195,American Legion Hwy. & Canterbury St.,WR
766083.941379845,2922752.81760742,304,196,234,"Blue Hill Ave., Cummins Hwy., & River St. (Mattapan Sq.)",DO
766493.698218271,2933114.90527938,305,48,1301,American Legion Hwy. & Franklin Hill Ave.,WR
766782.885023281,2951550.65870398,306,220,9005,Boylston St. & Fenway  (Monitor #9016),BP
765554.947300225,2951090.40850763,307,223,938,Boylston St. & Ipswich St (Monitor #983),BP
763592.259602502,2950386.90839654,308,227,9006,Boylston St. & Park Dr.  (Monitor #9017),BP
758969.073026389,2924580.74688119,309,49,1645,American Legion Hwy. & Hyde Park Ave.,WR
777470.874739543,2955392.17445371,310,246,4104,Broad St. & Surface Rd. SB,BP
773696.197784662,2956919.66007274,311,272,412,Cambridge St. & Joy St.  (Monitor #4021),BP
760389.32393828,2928155.15254363,312,51,1194,American Legion Hwy. & Mt. Hope St.,WR
762595.072503865,2930096.15436313,313,52,369,American Legion Hwy. & Walk Hill St.,WR
771188.286337361,2965260.72528154,314,273,987,Cambridge St. & Maffa Way (Sullivan Sq.),CH
774909.136474878,2958604.66035081,315,296,30,Causeway St. & Haverhill St. (Monitor #506),BP
745743.756026193,2953128.40837534,316,328,1071,Champney St. & Faneuil St. (Oak Square),AB
764004.009842932,2941251.90655473,317,55,615,Amory St. & Atherton St.,RX
774529.437615052,2960585.75813311,318,353,162,"Chelsea St., North Washington St. Bridge, & Rutherford Ave. (City Sq.)",CH
776767.536392167,2956848.50972174,319,374,1960,"Clinton St., Ramp CS-SA, & Surface Rd. SB",BP
763506.134780884,2940648.40664361,320,56,710,Amory St. & Boylston St.,WR
764811.905067325,2940361.90458395,321,392,191,Columbus Ave. & Washington St. (Egleston Square),RX
747694.568912789,2949168.65740281,322,421,1788,Commonwealth Ave. & Greycliff St.  (Monitor #1787),BP
776063.574126109,2955647.65983334,323,446,51,"Congress St., Post Office Sq., & Water St.",BP
762465.626244649,2938411.32895783,324,59,372,Amory St. & Green St.,WR
767165.375047714,2943159.50009337,325,487,846,"Dale St., Oakland St., & Washington St.  (Monitor #4112)",RX
774921.637352988,2933640.65561667,326,503,1242,Dorchester Ave. & Gibson St.  (Monitor #617),DO
762944.283146665,2939540.35646138,327,60,1883,Amory St. & Minton St.,WR
780814.282574624,2950824.64740334,328,527,2249,"Dry Dock Ave., Pappas Way, & Summer St.",SB
768340.510717839,2945141.90755185,329,533,210,"Dudley St., Malcolm X Blvd., & Washington St.",RX
772247.698631808,2951496.65899864,330,62,560,Appleton St & Berkeley St,BP
750781.131707489,2954513.15867724,331,576,758,Faneuil St. & Market St.  (Monitor #4085),AB
774280.64374508,2946719.00743471,332,598,9996,Frontage Rd. NB & Widett Circle,SB
775067.277404666,2945644.84061214,333,602,9988,"Frontage Rd., I-93 NB Off Ramp, & Southampton St.",SB
775625.948961735,2954863.4095951,334,65,550,Arch St. & Franklin St.,BP
771123.229734451,2946022.04976168,335,619,2092,Hampden St. & Melnea Cass Blvd.  (Monitor #3140),RX
758603.248948321,2931944.32804365,336,66,762,Archdale Rd. & Washington St.,WR
776020.475714564,2957317.61416717,337,621,4101,Hanover St. & Surface Rd. SB,BP
774433.072606146,2952210.40931807,338,629,1601,Harrison Ave. & Oak St.  (Monitor #299),BP
772214.323617905,2953553.90921491,339,67,75,Arlington St. & Boylston St.,BP
757924.072182834,2918475.4019101,340,664,236,Hyde Park Ave. & River St. (Cleary Sq.)  (Monitor #4200),HP
772627.635256484,2952163.40911919,341,68,1331,Arlington St. & Marginal Rd.,BP
760710.634478405,2934563.90507635,342,671,1759,"Hyde Park Ave., Forest Hills MBTA Station Busway Exit, & Tower St.",WR
777231.011969477,2955805.9099175,343,672,2259,India St. & Surface Rd. SB,BP
775727.02849406,2954143.77076054,344,683,58,Lincoln St. & Summer St. (Church Green),BP
761628.134257972,2949279.90803075,345,686,9012,Longwood Ave. & Riverway  (Monitor #9020),BP
749569.503353357,2953629.9092464,346,69,391,Arlington St. & Parsons St.,AB
766949.280666292,2946187.4313304,347,692,2337,Malcolm X Blvd. @ #75 (Madison Park High),RX
767497.760250673,2945778.40768306,348,693,2346,"Malcolm X Blvd., Roxbury St. Connector, & Shawmut Ave. Ext.",RX
772108.074367344,2928998.90439257,349,76,1346,Armandine St. & Washington St.,DO
773265.886676818,2944455.65765777,350,713,3104,"Massachusetts Ave., New Market Sq., & Shirley St.",RX
752783.25735487,2954410.40860689,351,77,3111,Arthur St. & North Beacon St.,AB
777539.899633139,2953064.69047531,352,719,1165,Melcher St. & Summer St.  (Monitor #2008),BP
776018.324302062,2953041.40929453,353,81,44,Atlantic Ave. & Beach St.,BP
767839.950509772,2947635.15565072,354,721,3010,Melnea Cass Blvd. & Tremont St.  (Monitor #3098),RX
777196.261695459,2956049.90980315,355,734,1052,Milk St. & Surface Rd. SB,BP
775539.886324137,2958441.16460623,356,760,332,"North Washington St., Thatcher St., & Valenti Way",BP
777460.694221392,2957892.98522051,357,82,1963,Atlantic Ave. & Commercial Wharf,BP
776248.261847347,2953898.90939288,358,785,3012,"Purchase St., Ramp RR, Summer St., & Surface Rd. SB",BP
775543.732548833,2955588.2363656,359,803,24,School St. & Washington St.  (BP),BP
775543.732548833,2955588.2363656,360,804,954,School St. & Washington St.  (JP),WR
776838.636752084,2954222.65948503,361,83,3056,Atlantic Ave. & Congress St.,BP
772979.823811337,2946192.40778834,362,815,891,"Southampton St., Theo A. Glynn Way, & Topeka St.",RX
777128.136807531,2956358.65989862,363,817,2024,State St. & Surface Rd. SB  (Monitor #4106),BP
777453.32456094,2955766.15999737,364,84,2007,Atlantic Ave. & East India Row,BP
779482.769695818,2951867.44134501,365,823,664,Summer St. & World Trade Center Ave (Viaduct St),SB
745775.588650137,2953004.54869229,366,831,626,Tremont St. & Washington St. (Oak Square),AB
776207.949269399,2953534.9093934,367,85,45,Atlantic Ave. & Essex St.,BP
788362.576942056,2967250.66128087,368,201,426,Boardman St. near Ashley St.,EB
774914.236368552,2954023.77854154,369,98,3085,Avenue de Lafayette & Chauncy St.,BP
774558.386410415,2950699.15888348,370,247,2320,Broadway Bridge @ Traveler St,SB
751055.458381847,2952542.19899614,371,278,2106,Cambridge St. near Elko St./St. Elizabeth's Hospital,AB
773955.761393145,2954106.40959114,372,100,4,Avery St. & Tremont St.,BP
780652.449791983,2961748.66077928,373,304,2105,Central Sq. near Liverpool St.,EB
766635.704074815,2945563.14065276,374,314,195,Centre St. & Roxbury St.  (John Eliot Sq.),RX
760341.163880438,2938390.66454871,375,322,3071,"Centre St., Engine #29, & Thomas St.",WR
774414.823884726,2954060.65936233,376,101,18,Avery St. & Washington St.,BP
765011.163357481,2940116.07387501,377,397,1831,Columbus Ave. near Weld Ave.,WR
777394.324227661,2958863.91062799,378,113,32,Battery St. & Commercial St.,BP
767397.822527558,2952432.40877235,379,411,1583,Commonwealth Ave. & Massachusetts Ave. Underpass,BP
758962.384619609,2918193.15212956,380,496,1203,"Davison St., Fairmont Ave., & Pierce St.",HP
771096.886296511,2954610.90791966,381,116,283,Beacon St. & Berkeley St.,BP
767733.885329992,2949933.90838051,382,605,1021,Gainsborough St. & St. Stephens St.,BP
767805.884965554,2953396.65934025,383,127,340,Beacon St. & Hereford St.,BP
768847.885822549,2944084.9071846,384,737,386,"Moreland St., Regent St., & Warren St.",RX
749884.157969892,2955400.84018293,385,755,85,North Beacon St. near Vineland St.,AB
773722.57377322,2955480.15972361,386,128,406,Beacon St. & Joy St.,BP
756357.132698223,2956692.15920307,387,757,2078,North Harvard St. near Easton St.,AB
776324.984364957,2957018.5340046,388,758,4092,"North St., Ramp CNSA, & Surface Rd. SB  (Monitor #7000)",BP
767132.259990051,2953145.90911317,389,129,88,Beacon St. & Massachusetts Ave.,BP
780431.842695236,2951153.07030708,390,782,3126,Pumphouse Rd. & Summer St.  (Monitor #4061),SB
761386.521325499,2945179.41018644,391,810,2152,South Huntington Ave. near Heath St.  (Mid-block),RX
780774.201944157,2959652.16424617,392,825,1559,Sumner St. @ Engine #40 near Bremen St.,EB
762920.161037177,2951593.74149217,393,130,156,Beacon St. & Park Drive,BP
780542.85065271,2959785.61423866,394,826,171,Sumner St. @ Maverick Sq. MBTA Station,EB
774225.761832148,2955683.90904529,395,131,9,Beacon St. & Park St.,BP
769378.073264793,2941837.65700155,396,841,3141,Warren St. & Mall Driveway near Woodbine St.,RX
745125.757133782,2953411.66013759,397,846,672,Washington St. @ Presentation Church (near Atkins),AB
775882.046759591,2950323.10318069,398,248,136,"Broadway Bridge, Dorchester Ave, & West Broadway",SB
775272.448972821,2954092.15933636,399,138,101,Bedford St. & Kingston St.,BP
761333.597912669,2952962.97353949,400,259,315,"BU Bridge, Commonwealth Ave., & Essex St. (Monitor #316)",AB
756456.068701714,2924898.40664975,401,139,972,Beech St. & Poplar St.,WR
771492.982316509,2946855.77070861,402,31,2341,Albany St. @ Boston Medical Center,BP
773783.636406183,2953280.90943703,403,819,1,Stuart St. & Tremont St.,BP
771448.686697692,2966187.47759037,404,37,1131,Alford St. @ Ryan Playground,CH
752180.549367473,2929463.82573587,405,141,1238,Belgrade Ave. & McCraw St.,WR
770948.030351833,2952351.12923138,406,820,1358,Stuart St. & Trinity Pl.,BP
783376.449734479,2963180.66266312,407,351,2325,Chelsea St. Mid-Block near Prescott St.,EB
754168.695027173,2957482.4093359,408,827,2271,Telford St. & Western Ave.,AB
750123.539069548,2954623.0225495,409,578,717,Faneuil St. @ McKinney Playground,AB
774311.761375725,2954928.65975773,410,828,6,Temple Pl. & Tremont St.,BP
754217.445943072,2929545.15407403,411,142,705,Belgrade Ave. & Walworth St.,WR
768388.385448918,2950201.65857618,412,654,839,Huntington Ave. & Massachusetts Ave. Underpasses,BP
766784.38418822,2941263.65707101,413,829,393,Townsend St. & Walnut Ave.,RX
767720.114298806,2951562.06947829,414,147,129,Belvidere St. & Massachusetts Ave.,BP
767616.126367599,2949629.05230017,415,660,1349,Huntington Ave. opposite YMCA,RX
773679.074012026,2951042.65888688,416,830,4087,Traveler St. & Washington St.,BP
761582.88325271,2944350.3514867,417,809,725,South Huntington Ave. @ Veterans Hospital  (Mid-block),RX
770646.198312491,2949697.40858504,418,832,146,Tremont St. & West Newton St.,BP
774155.632031187,2952743.92593127,419,847,1895,Washington St. @ Tufts Medical Center,BP
786868.075895146,2965108.16214782,420,149,1019,Bennington St. & Byron St.,EB
774192.449261665,2954759.40940329,421,833,5,Tremont St. & West St.,BP
764309.507790983,2946446.90275067,422,834,2241,Tremont St. @ Carmel St.,RX
792007.514346153,2967528.66255067,423,150,2263,Bennington St. & Leverett Ave.,EB
760102.324248016,2933977.40381823,424,835,2272,Ukraine Way & Washington St.,WR
786287.700643212,2964814.41200173,425,151,732,Bennington St. & Moore St.,EB
772514.011207044,2949701.40864512,426,836,872,Union Park St. & Washington St.,BP
750118.756707206,2951340.15815684,427,837,681,Union St. & Winship St.,AB
784404.266983628,2963850.37837043,428,152,450,Bennington St. & Neptune Rd.,EB
768648.135142103,2945679.40790349,429,838,1970,Vernon St. & Washington St.,RX
760227.19710274,2932612.15497866,430,839,509,Wachusett St. & Walk Hill St.,WR
789429.294972315,2966309.94812535,431,153,168,Bennington St. & Saratoga St.,EB
750858.4102678,2922737.8112736,432,842,1051,Washington St. & West Boundary Rd.,WR
762343.884719118,2936960.15572408,433,843,1285,Washington St. & Williams St.,WR
785266.915435076,2964288.90897797,434,154,1173,Bennington St. & Swift St.,EB
778222.449581116,2953026.65940078,435,5,1662,"A St., Congress St., & Thompson St.",SB
775890.268560901,2949452.4997682,436,6,933,"A St., Dorchester Ave., & West Fifth St.",SB
788451.981480598,2965857.8278168,437,155,1953,Bennington St. & Trident St.,EB
776977.665165976,2950844.26894467,438,7,3138,"A St., Richards St., & Sobin Park",SB
767158.681417316,2947175.4451713,439,8,3082,"Access Dr., Ruggles St., & Tremont St.",RX
771574.757197991,2953316.90797992,440,158,77,Berkeley St. & Boylston St.,BP
776228.544206828,2932913.83085684,441,17,764,"Adams St., Centre St., & Elmdale St.",DO
772149.886135161,2951760.40884633,442,159,623,Berkeley St. & Chandler St.,BP
773090.699719906,2924522.90366165,443,18,360,"Adams St., Dorchester Ave., & Washington St. (Pierce Sq.)",DO
776053.574928597,2933910.15549834,444,19,567,"Adams St., Neponset Ave., & Parkman St.",DO
771922.885867417,2952374.15904082,445,160,278,Berkeley St. & Columbus Ave.,BP
746704.569423363,2929984.65399416,446,20,1022,"Addington St., LaGrange St., & Vermont St.",WR
773315.324420512,2930663.40503581,447,21,890,"Alban St., Talbot Ave., & Welles Ave.",DO
771202.88578707,2954322.65942892,448,163,280,Berkeley St. & Marlborough St.,BP
774442.886632934,2950320.1585803,449,33,312,"Albany St., East Berkeley St., Frontage Rd NB, & West Fourth St. Bridge",BP
759863.007677674,2926910.39066747,450,53,370,"American Legion Hwy., Canterbury St., & Cummins Hwy.",WR
771467.260990813,2953608.4094175,451,164,282,Berkeley St. & Newbury St.,BP
759863.007677674,2926910.39066747,452,54,999,"American Legion Hwy., Canterbury St., & Kingbird Rd.",WR
774235.699336842,2941414.15695807,453,61,542,"Annabel St., Columbia Rd., & Holden St.",DO
771685.388570368,2953017.65983729,454,165,281,Berkeley St. & St. James Ave.,BP
756980.770329878,2929873.72542965,455,63,2163,"Arborway Ramps, Forest Hills MBTA Station Busway Exit, South St., & Washington St.",WR
771684.895067483,2954831.80681971,456,70,71,"Arlington St., Beacon St., Embankment Rd., & Marlborough St.  (INT#71 & INT#72)",BP
772429.232044846,2952919.15151204,457,71,76,"Arlington St., Columbus Ave., & Stuart St.",BP
771989.823346883,2954134.40946959,458,72,73,"Arlington St., Commonwealth Ave., & Newbury St.  (INT#73 & INT#74)",BP
772785.698626563,2951952.15885065,459,73,364,"Arlington St., Herald St., & Tremont St.",BP
750253.506718919,2953361.90844324,460,74,334,"Arlington St., Market St., & Sparhawk St.",AB
772320.761100054,2953262.40908962,461,75,1378,"Arlington St., Park Plaza, & St. James Ave.",BP
774056.574764296,2929444.65464115,462,78,235,"Ashmont St., Dorchester Ave., & Talbot Ave. (Peabody Sq.)",DO
778348.950473279,2931059.15515789,463,79,585,"Ashmont St., Freeport St., & Neponset Ave.",DO
771116.324105531,2931410.90491751,464,80,4047,"Aspinwall St., Spencer St., & Talbot Ave.",DO
777460.694221392,2957892.98522051,465,92,33,"Atlantic Ave., Commercial St., Eastern St., & Fleet St.",BP
777086.6368635,2956886.91025436,466,93,1961,"Atlantic Ave., Cross St., & Mercantile St.  (Monitor #7002)",BP
775901.699196905,2952709.40923439,467,94,3078,"Atlantic Ave., Kneeland St., & Ramps",BP
773855.198619321,2962185.16105685,468,97,1545,"Austin St., Green St., & Main St.",CH
747692.24829708,2924019.12610082,469,110,1320,"Baker St., Centre Lane, & Centre St.",WR
767004.823391899,2929952.15445402,470,112,1010,"Balsam St., Blue Hill Ave., & Johnston Rd.",DO
774339.511380151,2953416.15921254,471,115,16,"Beach St., LaGrange St., & Washington St.",BP
750897.069736093,2947662.15728891,472,132,684,Beacon St. & Prendergast St.,AB
750897.069736093,2947662.15728891,473,133,685,Beacon St. & Prendergast St.,AB
765071.441273227,2952387.84699391,474,135,150,"Beacon St., Brookline Ave., Commonwealth Ave., & Deerfield St. (Kenmore Sq.)",BP
765071.441243201,2952387.84687473,475,136,3086,"Beacon St., Commonwealth Ave., & Raleigh St.",BP
774970.573801145,2955794.15985711,476,137,11,"Beacon St., School St., & Tremont St.",BP
754404.695489585,2926652.65395141,477,140,579,"Beech St., Walworth St., & Washington St.  (Monitor #583)",WR
750857.132781938,2929905.15395877,478,143,260,"Belgrade Ave., Centre St. & Manthorne Rd.",WR
748990.985285193,2928602.86884464,479,145,1086,"Bellevue St., Bird Pl., & Centre St.",WR
772907.575176701,2939247.15328206,480,146,4081,"Bellevue St., Columbia Rd., & Glendale St.",DO
769215.13555868,2951180.40880491,481,148,102,"Belvidere St., Huntington Ave., & West Newton St.",BP
782168.468076631,2962700.27789699,482,157,296,"Bennington St., Brooks St., & Havre St.",EB
771359.992473483,2953901.51026163,483,161,106,Berkeley St. & Commonwealth Ave.,BP
771359.992473483,2953901.51026163,484,162,107,Berkeley St. & Commonwealth Ave.,BP
772455.136261508,2951143.15866101,485,167,86,"Berkeley St., East Berkeley St., & Tremont St.",BP
751457.944406316,2955996.15897293,486,173,9014,"Birmingham Pkwy, Lincoln St., & Market St.",AB
764139.696852833,2952601.40867746,487,177,760,"Blandford St., Commonwealth Ave., & Silber Way",BP
773199.073683828,2956921.41005164,488,178,740,"Blossom St., Cambridge St., & Garden St.",BP
768886.635982022,2937711.65624131,489,195,190,"Blue Hill Ave., Cheney St., & Washington St.",RX
771101.761018932,2943869.40732735,490,197,306,"Blue Hill Ave., Dudley St., & Magazine St.",RX
766306.821797773,2927066.07992417,491,198,984,"Blue Hill Ave., Fessenden St., & Wellington Hill St.",DO
768235.198269576,2935331.40559989,492,199,215,"Blue Hill Ave., Glen Lane, & Glenway St.",DO
767604.95510006,2932709.99823843,493,200,217,"Blue Hill Ave., Harvard St., & Talbot Ave.",DO
789073.701121002,2966484.16236444,494,202,430,"Boardman St., Ford St., & Saratoga St.",EB
774774.699321628,2942097.90705366,495,206,220,"Boston St., Columbia Rd., & Massachusetts Ave. (Edward Everett Sq.)",DO
775963.638980821,2945412.92111626,496,207,172,"Boston St., Dorchester Ave., Dorchester St., Southampton St., & Preble St. (Andrew Square)",SB
778574.917457461,2952731.43389662,497,209,4057,"Boston Wharf Rd., Congress St., & West Service Rd.",SB
774307.76131025,2956944.40972202,498,214,37,"Bowdoin St., Cambridge St., & New Chardon St.",BP
771505.073950514,2934413.15573737,499,215,359,"Bowdoin St., Harvard St., & Washington St.",DO
763592.259602502,2950386.90839654,500,231,9002,"Boylston St., Brookline Ave., & Park Drive  (Formerly #158)",BP
761202.259316996,2941694.4066381,501,232,239,"Boylston St., Centre St., Moraine St., & South Huntington Ave.",WR
772007.928900614,2964790.21074194,502,233,66,"Boylston St., Charles St., & Charles St. South",BP
768188.625572428,2952065.34483196,503,234,1357,"Boylston St., Dalton St., & Hereford St.",BP
774395.441713482,2953739.82267138,504,235,17,"Boylston St., Essex St., & Washington St.",BP
767246.197499484,2951718.15874593,505,236,609,"Boylston St., Hemenway St., & Ipswich St.",BP
764891.384532854,2950846.65859637,506,237,753,"Boylston St., Jersey St., & Yawkey Way",BP
772040.659629181,2946436.97241874,507,238,135,"Bradston St., JFF On-Ramp, Massachusetts Ave., & Southampton St.",RX
754159.632501826,2954081.90859418,508,243,186,"Brighton Ave., Cambridge St., & North Beacon St. (Union Sq.)",AB
757604.228324771,2953546.04682611,509,244,179,"Brighton Ave., Commonwealth Ave., & Malvern St. (Packards Corner)",AB
766189.947784796,2942188.15690918,510,245,683,"Brinton St., Marcella St., & Washington St.  (Monitor #4092)",RX
762067.508165807,2948429.40892808,511,254,472,"Brookline Ave., Deaconess Rd., & Jimmy Fund Way",RX
763428.072571218,2950173.34709698,512,255,9011,"Brookline Ave., Fenway, & Riverway",RX
764036.88443388,2950960.65835945,513,256,4077,"Brookline Ave., Fullerton St., & Kilmarnock St.",BP
760032.59697476,2953247.19706012,514,260,604,"Buick St., Commonwealth Ave., & St. Paul St.",AB
775840.636280671,2962751.41108896,515,262,1657,"Bunker Hill St., Tufts St., & Vine St.  (Hayes Square)",CH
772277.32392928,2941763.90691127,516,263,4127,"Burgess St., Dudley St., & Folsom St.",DO
757530.509248987,2918401.15727955,517,265,1468,"Business St., Gordon Ave., & River St.",HP
763016.009453058,2947038.90753929,518,268,197,"Calumet St., Francis St., Huntington Ave., & Tremont St. (Brigham Cir.) (Monitor #198)",RX
775122.501656622,2956330.82752743,520,281,2020,"Cambridge St., Court St., & Tremont St.",BP
772718.635905191,2956903.16006729,521,283,723,"Cambridge St., Grove St., & North Grove St.",BP
756711.883085847,2955440.90918158,522,284,1325,"Cambridge St., Lincoln St., & Service Rd.",AB
774727.823218524,2956831.16027001,523,285,38,"Cambridge St., New Sudbury St., & Somerset St.",BP
769754.947745681,2964620.91142604,524,286,592,"Cambridge St., Parker St., & Stark St.",CH
751581.675923854,2952823.06957023,525,287,619,"Cambridge St., Sparhawk St., & Warren St.",AB
774052.323780432,2956935.66005667,526,288,121,"Cambridge St., Staniford St., & Temple St.",BP
750661.777997881,2952365.29182157,527,289,633,"Cambridge St., Washington St., & Winship St. (Morgan Sq.)",AB
758007.296806976,2926577.11626896,528,292,1730,"Canterbury St., Grew Ave., & Poplar St.",WR
761745.397694945,2952901.72432122,529,294,1329,"Carlton St., Commonwealth Ave., & University Rd.",BP
775486.574062169,2959062.91052738,530,298,29,"Causeway St., Commercial St., & North Washington St. (Keany Sq.)",BP
774169.774971828,2958036.0878613,531,299,109,"Causeway St., Lomasney Way, Merrimac St., & Staniford St.",BP
771807.011065662,2952688.65912417,532,166,279,Berkeley St. & Stuart St.,BP
769935.761263326,2931874.90502039,533,168,1186,Bernard St. & Talbot Ave.,DO
762653.069766834,2948536.65941143,534,171,1310,Binney St. & Longwood Ave.,RX
773166.886689499,2939970.90657608,535,172,536,Bird St. & Columbia Rd.,DO
762920.94363232,2948365.40973069,536,174,708,Blackfan Circle & Longwood Ave.,RX
778772.386084706,2930350.65415746,537,175,1345,Blackwell St. & Neponset Ave.,DO
759308.414106846,2929292.76987065,538,176,563,Blakemore St. & Hyde Park Ave.,WR
766458.57938385,2927652.19993097,539,179,1813,Blue Hill Ave. & Clarkwood St.,DO
768414.010917947,2935897.9058945,540,180,218,Blue Hill Ave. & Columbia Rd.,DO
766091.302321076,2923200.91400181,541,181,843,Blue Hill Ave. & Fairway St.,DO
769567.448354006,2938961.40630297,542,182,1437,Blue Hill Ave. & Intervale St.,RX
770646.26121892,2942972.40729225,543,183,1729,Blue Hill Ave. & Moreland St.,RX
766202.8856837,2925897.65388115,544,184,231,Blue Hill Ave. & Norfolk St.,DO
770078.323706612,2939952.1564987,545,185,394,Blue Hill Ave. & Quincy St.,RX
766118.633597061,2924297.15349074,546,186,957,Blue Hill Ave. & Regis Rd.,DO
768492.073417827,2936534.65573038,547,187,2103,Blue Hill Ave. & Seaver St.,RX
766154.171517834,2926318.25088808,548,189,232,Blue Hill Ave. & Walk Hill St.,DO
767354.073364332,2931400.15480149,549,192,1011,Blue Hill Ave. & Westview St.,DO
766130.89932768,2924915.07363427,550,193,1842,Blue Hill Ave. & Woodhaven St.,DO
766876.974890247,2929385.19648491,551,194,1009,Blue Hill Ave. & Woodrow Ave.,DO
775099.387012035,2943276.6575589,552,204,1809,Boston St. & Harvest St.,DO
775460.573992714,2944111.40639079,553,205,1418,Boston St. & Washburn St.,SB
779007.974717036,2953528.42197342,554,208,3108,Boston Wharf Rd. & Seaport Blvd.,SB
772069.511524633,2935893.40603432,555,210,139,Bowdoin St. & Geneva Ave.,DO
773290.636903659,2936923.65618421,556,211,285,Bowdoin St. & Hamilton St.,DO
774559.764142439,2938559.40589735,557,212,1314,Bowdoin St. & Hancock St.,DO
773811.76192154,2937583.65632211,558,213,268,Bowdoin St. & Quincy St.,DO
770993.635881543,2953102.40900293,559,217,78,Boylston St. & Clarendon St.,BP
770422.823273301,2952890.15903802,560,218,79,Boylston St. & Dartmouth St.,BP
769835.259055093,2952672.91301855,561,219,80,Boylston St. & Exeter St.,BP
768687.072826892,2952249.65882114,562,221,1573,Boylston St. & Gloucester St.,BP
772624.079106331,2953667.71611053,563,222,123,Boylston St. & Hadassah Way,BP
764299.384627238,2950627.65831482,564,224,1248,Boylston St. & Kilmarnock St.,BP
763023.695687339,2940800.65307018,565,225,1143,Boylston St. & Lamartine St.,WR
767611.010155082,2951850.6588476,566,226,92,Boylston St. & Massachusetts Ave.,BP
773872.573892951,2953735.41025889,567,229,3,Boylston St. & Tremont St.,BP
764821.247864991,2941285.29694371,568,239,801,Bragdon St. & Columbus Ave.,RX
764830.951604262,2940926.93976837,569,240,3079,Bray St. & Columbus Ave.,RX
755616.44614771,2953860.40543818,570,241,185,Brighton Ave. & Harvard Ave.,AB
774748.824541271,2955491.40941226,571,249,10,Bromfield St. & Tremont St.,BP
761596.321704075,2947817.90772013,572,250,9013,Brookline Ave & Riverway,RX
762349.31801109,2948773.16094139,573,252,270,Brookline Ave. & Longwood Ave.,RX
762755.615813717,2949300.77089448,574,253,458,Brookline Ave. & Short St.,RX
782632.604326561,2962309.23726517,575,257,1466,Brooks St. & Chelsea St.,EB
758336.821752101,2927954.40381706,576,258,454,Brown Ave. & Cummins Hwy.,WR
760464.362461582,2938805.36984009,577,264,1540,Burroughs St. & Centre St.,WR
761007.22647503,2943312.53559531,578,266,1419,Bynner St. & South Huntington Ave.,WR
751963.342876598,2953042.10987031,579,269,2062,Cambridge St. & Dustin St.,AB
752673.677538887,2953345.7911053,580,270,699,Cambridge St. & Eleanor St. @ School Driveway,AB
753399.209677547,2953722.236645,581,271,449,Cambridge St. & Gordon St.,AB
757136.257966787,2955653.40914072,582,274,803,Cambridge St. & North Harvard St.,AB
758017.445333958,2956080.24403061,583,276,1326,Cambridge St. & Windom St.,AB
755597.570160061,2954904.15879965,584,277,1154,Cambridge St. @ Highgate St.,AB
759225.432719484,2926793.76585543,585,290,797,Canterbury St. & Hyde Park Ave.,WR
758591.571995527,2926618.65361641,586,291,1714,Canterbury St. & Pinedale Rd.,WR
760183.2593465,2937385.15586223,587,295,1787,Carolina Ave. & South St.,WR
774451.139283478,2958279.90665635,588,297,303,Causeway St. & Portland St.,BP
765142.362640873,2944864.63694061,589,300,1077,Cedar St. & Columbus Ave.,RX
767364.23597008,2943440.95324288,590,301,64,Cedar St. & Washington St.,RX
758688.132480055,2918497.03247586,591,303,1132,Central Ave. & River St.,HP
751815.508011758,2930055.40404959,592,307,439,Centre St. & Colbert St.,WR
749552.25326699,2929491.65170674,593,308,272,Centre St. & Corey St.,WR
748668.446210116,2927495.40265942,594,309,261,Centre St. & LaGrange St.,WR
764183.946793452,2942918.15158017,595,310,805,Centre St. & Lamartine St.,RX
763017.822263628,2942877.15522121,596,311,1090,Centre St. & Mozart St.,RX
765502.384961739,2944693.40727629,597,302,1017,"Cedar St., Centre St., & Fort Ave.",RX
748904.257434607,2928296.90351543,598,312,1779,Centre St. & Mt. Vernon St.,WR
749125.444997385,2929114.40368582,599,313,1687,Centre St. & Park St.,WR
780715.637342945,2961714.41117159,600,305,170,"Central Sq., Meridian St., & Saratoga St.",EB
752299.885737419,2930254.9033782,601,315,513,Centre St. & South St.,WR
764769.195707157,2943690.02126873,602,318,196,"Centre St., Columbus Ave., & Heath St.",RX
754638.883393824,2932531.15459622,603,316,353,Centre St. & Weld St.,WR
764769.195707157,2943690.02126873,604,319,287,"Centre St., Columbus Ave., & Ritchie St.",RX
750276.883828163,2929995.6518058,605,317,1493,Centre St. & Willow St.,WR
772421.385840073,2955422.15978153,606,330,140,Charles St. & Chestnut St.,BP
762043.322062597,2942742.65674166,607,320,1089,"Centre St., Creighton St., & Forbes St.",RX
772307.448372126,2955698.15960646,608,331,141,Charles St. & Mt. Vernon St.,BP
760156.009368792,2938135.90581629,609,321,242,"Centre St., Eliot St., & South St.",WR
772189.510907993,2956069.90991433,610,332,142,Charles St. & Pinckney St.,BP
760542.010921583,2939405.89566006,611,323,293,"Centre St., Green St., & Myrtle St.",WR
772179.135917917,2956314.15980041,612,333,143,Charles St. & Revere St.,BP
748330.382541195,2926822.15320835,613,324,620,"Centre St., Lorette St., & St. Theresa Ave.",WR
773250.086217821,2953214.21060368,614,335,1732,Charles St. South & Stuart St.,BP
771951.136912107,2931079.65489028,615,325,225,"Centre St., Norfolk St., Talbot Ave., & Washington St. (Codman Sq.)",DO
775971.449152932,2959519.91070285,616,341,537,Charter St. & Commercial St.,BP
748161.007198974,2926610.65325652,617,326,275,"Centre St., Spring St., & Temple St.",WR
775296.448913127,2954543.15950605,618,342,59,Chauncy St. & Summer St.,BP
771606.948959604,2938150.90620135,619,327,995,"Ceylon St., Columbia Rd., & Columbia Terrace",DO
775518.695961997,2961535.39326286,620,343,4037,Chelsea St. & Constitution Rd.,CH
773073.261032715,2953777.6594975,621,329,9008,"Charles Circle, Charles St., & Storrow Dr. Ramp",BP
776060.838310286,2962106.25612241,622,344,3038,Chelsea St. & Fifth St.,CH
773315.573307365,2952422.9096591,623,336,1783,"Charles St. South, Jefferson St., & Tremont St.",BP
782242.762528718,2961847.41131438,624,345,445,Chelsea St. & Marion St.,EB
766568.812216759,2952409.19126473,625,337,3090,Charlesgate East & Commonwealth Ave.,BP
783376.449734479,2963180.66266312,626,346,2311,Chelsea St. & Prescott St.,EB
766568.812216759,2952409.19126473,627,338,3091,Charlesgate East & Commonwealth Ave.,BP
777198.851555198,2963652.19431278,628,347,4053,Chelsea St. & Sixteenth St.,CH
766568.812216759,2952409.19126473,629,339,3088,Charlesgate West & Commonwealth Ave.,BP
777047.863405108,2963377.81928478,630,348,3039,Chelsea St. & Thirteenth St.,CH
766568.812216759,2952409.19126473,631,340,3089,Charlesgate West & Commonwealth Ave.,BP
774925.690493017,2960977.94969554,632,349,2339,Chelsea St. & Warren St.,CH
781807.01267913,2961339.16123334,633,352,396,"Chelsea St., George R. Visconti Rd., & Porter St.",EB
772437.323823646,2945766.15788323,634,354,1157,Chesterton St. & Massachusetts Ave.,RX
749747.694431871,2950071.40781285,635,357,2070,"Chestnut Hill Ave., Hatherly Rd., & Engine #29",AB
749940.381808266,2948377.90760083,636,355,182,Chestnut Hill Ave. & Commonwealth Ave.,AB
749849.818834588,2952423.15618907,637,358,184,"Chestnut Hill Ave., Market St., & Washington St.",AB
749564.319449365,2949683.65785114,638,356,713,Chestnut Hill Ave. & Embassy Rd.,AB
749362.1318385,2949251.40764117,639,359,631,"Chestnut Hill Ave., South St., & Strathmore Rd.",AB
760252.00923565,2937009.65555933,640,360,809,Child St. & South St.,WR
770776.760596409,2953689.65924571,641,365,3044,Clarendon St. & Commonwealth Ave.,BP
750483.569880947,2949226.15728967,642,361,453,Chiswick Rd. & Commonwealth Ave.,AB
770776.760596409,2953689.65924571,643,366,3045,Clarendon St. & Commonwealth Ave.,BP
772763.542033255,2953047.86228517,644,362,347,Church St. & Stuart St,BP
769265.010792568,2942189.15701817,645,372,1204,"Clifford St., Dale St., & Warren St.",RX
751031.789870217,2932025.27939709,646,363,687,Church St. & Weld St.,WR
758867.384591535,2923759.40321809,647,376,568,"Collins St., Hyde Park Ave., & Metropolitan Ave.",HP
771460.261066467,2951863.15896377,648,364,1639,Clarendon St. & Columbus Ave.,BP
773756.949238285,2940865.15694907,649,387,223,"Columbia Rd., Dudley St., & Stoughton St. (Uphams Corner)",DO
770621.198198587,2954108.40946724,650,367,679,Clarendon St. & Marlborough St.,BP
765812.889600173,2946061.89070565,651,398,192,"Columbus Ave., Malcolm X Blvd., & Tremont St.",RX
770885.448402584,2953394.40912725,652,368,742,Clarendon St. & Newbury St.,BP
765690.751934648,2939483.02398671,653,399,616,"Columbus Ave., Seaver St., & Walnut Ave.",RX
771104.19835645,2952800.90922399,654,369,707,Clarendon St. & St. James Ave.,BP
770198.945376381,2953473.90830261,655,417,3046,Commonwealth Ave. & Dartmouth St.,BP
771226.018029809,2952473.96100061,656,370,466,Clarendon St. & Stuart St.,BP
769621.573068738,2953259.65899724,657,418,4010,Commonwealth Ave. & Exeter St.,BP
771920.260935277,2950625.15859401,658,371,1250,Clarendon St. & Tremont St.,BP
768996.822894737,2953029.65906247,659,419,4008,Commonwealth Ave. & Fairfield St.,BP
776206.046990484,2956817.96179569,660,373,4108,Clinton St. & North St.,BP
768472.447865859,2952837.65906261,661,420,4006,Commonwealth Ave. & Gloucester St.,BP
768063.948282152,2952683.90735738,662,422,4004,Commonwealth Ave. & Hereford St.,BP
751887.94483462,2949826.15767698,663,375,1206,Colborne Rd. & Commonwealth Ave.,AB
770198.945376381,2953473.90830261,664,423,3047,Commonwealth Ave. & Dartmouth St.,BP
770873.824329808,2937359.40563743,665,377,1164,Columbia Rd. & Devon St.,DO
776030.387008116,2942183.657272,666,378,221,Columbia Rd. & Dorchester Ave.,DO
769621.573068738,2953259.65899724,667,424,4011,Commonwealth Ave. & Exeter St.,BP
770260.695864603,2936830.90722698,668,380,541,Columbia Rd. & Geneva Ave,DO
768996.822894737,2953029.65906247,669,425,4009,Commonwealth Ave. & Fairfield St.,BP
773460.886798456,2940400.15679486,670,381,226,Columbia Rd. & Hancock St.,DO
768472.447865859,2952837.65906261,671,426,4007,Commonwealth Ave. & Gloucester St.,BP
775237.91633755,2941933.23774865,672,382,448,Columbia Rd. & Pond St.,DO
747694.568912789,2949168.65740281,673,427,1789,Commonwealth Ave. & Greycliff St.,AB
772462.38669531,2938749.15646294,674,383,371,Columbia Rd. & Quincy St.,DO
768063.948282152,2952683.90735738,675,428,4005,Commonwealth Ave. & Hereford St.,BP
769150.885889158,2936131.90582606,676,384,229,Columbia Rd. & Seaver St.,DO
759282.446096405,2953363.40876524,677,429,1422,"Commonwealth Ave., Harry Agganis Way, & Pleasant St.",BP
769654.698610216,2936574.656028,678,385,144,Columbia Rd. & Washington St.,DO
753501.070111707,2952218.6583305,679,430,323,"Commonwealth Ave., Kelton St., & Warren St.",AB
750700.632035986,2949423.40770636,680,431,1191,"Commonwealth Ave., Kinross St., & Wallingford Rd.",AB
746426.818582267,2949137.65741336,681,432,879,"Commonwealth Ave., Lake St., & St. Thomas Moore Rd.",AB
770239.073403448,2949398.6584543,682,433,1620,"Concord Sq., Tremont St., & West Concord St.",BP
778924.458503038,2952443.89932492,683,443,4056,"Congress St., East Service Rd., & Ramp CI",SB
775520.887378871,2957441.91072541,684,444,1685,"Congress St., New Sudbury St., & Sudbury St.",BP
775860.371375009,2956608.23158009,685,445,26,"Congress St., North St., & Union St",BP
754523.883358046,2930184.40424164,686,447,1205,"Congreve St., South St., & Washington St.",WR
775603.011560932,2957808.66017468,687,448,4095,"Cooper St., Cross St., North Washington St., & Ramp ST-SA  (Monitor #34)",BP
769235.385833472,2942541.15703683,688,449,712,"Copeland St., Warren St., & Waverly St.",RX
756570.446287438,2929355.65417308,689,453,251,"Corinth St., Poplar St., & Washington St.",WR
775684.074140131,2956097.90998986,690,455,25,"Court St., State St., & Washington St.",BP
776046.887004256,2941462.15693659,691,457,523,"Crescent Ave., Dorchester Ave., & East Cottage St.",DO
776478.535584792,2957339.95764162,692,459,301,"Cross St., North St., & Ramp CN-SA  (Monitor #1961)",BP
776089.762328133,2957609.65956776,693,460,292,"Cross St., Salem St., & Sudbury St.  (Monitor #4094)",BP
768898.456053585,2950768.31829719,694,461,4000,Cumberland St. & Huntington Ave.,BP
768898.456053585,2950768.31829719,695,462,4001,Cumberland St. & Huntington Ave.,BP
761933.259899005,2925240.653275,696,470,906,"Cummins Hwy., Harvard St., & Wood Ave.",DO
763174.697981641,2924152.90331763,697,471,346,"Cummins Hwy., Itasca St., & Ridlon Rd.",DO
765465.823133171,2923316.90327092,698,472,952,"Cummins Hwy., Rexford St., & Rockdale St.",DO
780709.121895328,2952541.83372214,699,485,606,"D St., Northern Ave., & Seaport Blvd. at Boston Fish Pier",SB
770538.385739014,2952594.40892076,700,493,81,"Dartmouth St., Huntington Ave., & St. James Ave.",BP
771402.26090157,2950247.15860258,701,494,145,"Dartmouth St., Tremont St., & West Dedham St.",BP
768650.32303825,2948230.65821223,702,495,1155,"Davenport St., Hammond St., & Tremont St.",RX
769933.10495396,2945038.73128659,703,497,4060,"Dearborn St., Dudley St., & Mt. Pleasant St.",RX
775608.569373354,2937416.65668881,704,517,222,"Dorchester Ave., East St., Freeport St., Hancock St., & Hoyt St.",DO
775981.699663058,2944875.407653,705,518,1050,"Dorchester Ave., Father Anthony Songin Way, & Major O'Connor Way",SB
775119.012290373,2934575.90557335,706,519,2301,"Dorchester Ave., Faulkner St., & Lincoln St.",DO
774370.074797779,2930988.9051415,707,520,1168,"Dorchester Ave., Lonsdale St., & Welles Ave.",DO
774837.192576557,2933237.66681512,708,521,673,"Dorchester Ave., Melville Ave., & Parkman St.",DO
779061.886907145,2947598.90841764,709,526,175,"Dorchester St., East Broadway, & West Broadway (Perkins Sq.)",SB
771857.823679835,2942426.90700983,710,532,754,"Dudley St., East Cottage St., & West Cottage St.",DO
772202.761836842,2929644.15454179,711,534,4029,"Dunbar Ave., Roslin St., & Washington St.",DO
773112.260959417,2962941.66097453,712,535,3134,"Dunstable St., Main St., & Sullivan St.",CH
780558.348437726,2947645.70070988,713,542,1008,"East Broadway, Emerson St., & I St.",SB
771749.26097241,2949074.40843885,714,544,650,"East Brookline St., Washington St., & West Brookline St.",BP
781760.262907103,2948293.90857089,715,549,991,"East First St., L St., & Summer St.",SB
771448.698533803,2948800.65826678,716,551,383,"East Newton St., Washington St., & West Newton St.",BP
779448.705228627,2953263.18788882,717,552,3107,"East Service Rd., Pier Four Blvd., &  Seaport Blvd.",SB
762036.945908844,2938654.15363462,718,555,435,"Elm St., Green St., & Lamartine St.",WR
752598.555345148,2924672.26289125,719,557,255,"Enneking Pkwy., LaGrange St., & Washington St.",WR
752598.555345148,2924672.26289125,720,558,254,"Enneking Pkwy., Washington St., & West Roxbury Pkwy.",WR
775638.072996587,2953727.40443161,721,564,1291,"Essex St., Lincoln St., & Surface Rd.",BP
751803.695466444,2954742.66256411,722,565,1259,"Etna St., Life St., & North Beacon St.",AB
769270.823298931,2946272.90783715,723,567,1007,"Eustis St., Washington St., & Williams St.",RX
764889.998129606,2948705.18182507,724,569,9003,"Evans Way, Fenway, & Louis Prang St.",BP
770049.4565247,2952054.80357951,725,575,82,"Exeter St., Huntington Ave., & Stuart St.",BP
766839.948485196,2926530.15374485,726,584,985,"Fessenden St., Mildred Ave., & Norfolk St.",DO
757416.755742013,2930424.96591856,727,585,978,"Firth Rd., South St., & Washington St.",WR
763934.010045171,2939151.65608427,728,588,711,"Forest Hills St., Montebello Rd., & Washington St.",WR
766388.447513476,2948860.65830399,729,590,569,"Forsyth Way, Huntington Ave., & Parker St.",RX
756056.007898435,2957147.15935379,730,594,1183,"Franklin St., Kingsley St., & North Harvard St.",AB
763125.822242483,2938037.40610117,731,608,241,"Glen Rd., Green St., & Washington St.",WR
769667.761368126,2933313.40536283,732,609,1081,"Glenway St., Harvard St., & Warner St.",DO
758733.259563535,2922157.65282817,733,615,1469,"Greenwood Ave., Hyde Park Ave., & Thatcher St.",HP
765376.322473601,2946139.40761013,734,618,1972,"Gurney St., Terrace St., & Tremont St.",RX
771084.887312472,2945234.90682645,735,620,709,"Hampden St., Keegan St., & Norfolk Ave.",RX
776526.949192554,2957854.16012573,736,622,35,"Hanover St., Parmenter St., & Richmond St.",BP
769771.25752753,2951760.24836047,737,623,4002,"Harcourt St., Huntington Ave., & Ring Rd.",BP
774311.448825136,2951800.9088511,738,633,395,"Harrison Ave., Hudson St., & Marginal Rd.",BP
772797.576325893,2949286.65743674,739,634,390,"Harrison Ave., Malden St., & Msgr. Reynolds Way",BP
770879.823749736,2934947.40573323,740,635,608,"Harvard Ave., Vassar St., & Washington St.",DO
766557.421019286,2938138.33780074,741,651,432,"Humboldt Ave., Old Trail Rd., & Seaver St.",RX
767296.321181655,2949355.41170728,742,657,4019,Huntington Ave. & Opera Place,RX
767296.321181655,2949355.41170728,743,658,4020,Huntington Ave. & Opera Place,RX
765513.682382032,2948341.15265007,744,661,3096,"Huntington Ave., Louis Prang St., & Ruggles St.",RX
761802.540530905,2946714.39889598,745,662,613,"Huntington Ave., Mission Park Dr., & Parker Hill Ave.",RX
773511.611996204,2924587.04554155,746,15,475,Adams St @ #1185,DO
775028.75352852,2952484.90037695,747,29,4110,Albany St & South Station Connector,BP
774267.930366144,2949273.28139414,748,32,3113,Albany St Connector & Frontage Rd NB,BP
772631.056413263,2968368.69720687,749,36,953,Alford St @ Edison Gate,CH
760573.08326304,2953154.50707825,750,57,3094,Amory St & Commonwealth Ave (N. Rdwy),BP
760561.770668939,2953090.88614044,751,58,3095,Amory St & Commonwealth Ave (S. Rdwy),BP
766335.919087276,2932861.25640154,752,50,3020,American Legion Hwy & Lena Park (@#150),WR
761082.960752368,2935202.35814062,753,64,2164,"Arborway Ramps, Hyde Park Ave, New Washington St, & Washington St",WR
777018.945206821,2954344.852571,754,88,4102,Atlantic Ave & Pearl St,BP
777260.265069559,2954779.52485627,755,784,558,"Purchase St, Ramp CS-P, & Seaport Blvd",BP
777069.538298696,2954651.39226426,756,783,1217,Purchase St @ Firehouse,BP
775761.216382861,2957527.9722016,757,821,4094,Sudbury St & Surface Rd SB,BP
773694.136141405,2959164.01327397,758,743,460,Nashua St @ #100,BP
772150.208534226,2957002.89079644,759,279,9010,"Cambridge St, Charles Circle, & Charles St",BP
772133.711867228,2956823.68517044,760,0,9008,"Charles Circle, Charles St, & Storrow Dr Ramp",BP
773050.288801387,2959058.58190079,761,687,4036,"Lowell St, Nashua St, & Ramp CN/N-LC",BP
772883.0326581,2958878.62754558,762,682,9050,"Msgr O'Brien Hwy, Nashua St, & Storrow Dr (Leverett Circle)",BP
779745.320751548,2953066.65665258,763,102,2351,B St & Seaport Blvd,SB
779515.661104545,2952626.2091396,764,103,4058,"B St, Congress St, & Ramps D & F",SB
777195.43842873,2953735.05716966,765,436,361,Congress St & Dorchester Ave,BP
780440.500856996,2952151.49380448,766,435,4059,Congress St & D St,SB
773810.569087222,2947567.92176841,767,595,9995,Frontage Rd NB & Massachusetts Ave Connector,SB
774115.150233611,2947002.98366199,768,596,9990,Frontage Rd NB & South Boston Bypass Rd,SB
773935.679476202,2946926.91831356,769,599,9991,Frontage Rd SB & South Boston Bypass Rd,SB
774792.71709317,2950630.6255134,770,597,4114,Frontage Rd NB & Traveler St,SB
774865.777963996,2945451.79574336,771,600,9994,Frontage Rd SB & South Bay Mall Dr,SB
775163.791014969,2952915.41459905,772,676,1273,Kneeland St & Surface Rd SB,BP
775259.251950383,2952401.55726819,773,684,4109,"Lincoln St, South Station Connector, & Ramp K",BP
767736.357463449,2947520.39439368,774,722,3011,Melnea Cass Blvd & Tremont St (NB Turn),RX
768850.970490471,2949756.97053848,775,712,2363,Massachusetts Ave @ MBTA Station Pedestrian Crossing,BP
766752.76645647,2950584.88600983,776,582,9019,Fenway @ Fire Alarm HQ,BP
766821.738826931,2950718.14985812,777,581,407,Fenway & Westland Ave,BP
766364.606643498,2951692.70558688,778,216,9007,Bowker Overpass & Boylston St,BP
763173.127021492,2950677.81074578,780,768,9000,Park Dr & Riverway,BP
769504.456495658,2952534.3702959,781,228,3131,Boylston St & Ring Rd,BP
769067.832664952,2952381.37041096,782,230,3132,Boylston St @ Prudential Service Entrance,BP
776927.993687034,2956732.14051269,783,725,4117,Mercantile St & Surface Rd SB,BP
779080.768120751,2952160.94603159,784,822,4111,Summer St & West Side Dr,SB
766956.811748683,2947539.1607697,785,798,3068,Ruggles St @ MBTA Station Bus Dr,RX
760793.476437211,2935260.29306549,786,749,2319,New Washington St @ Forest Hills MBTA Ped Crossing,WR
760326.819150016,2934477.39499219,787,844,1712,Washington St @ Forest Hill MBTA Station Busway,WR
760877.798017472,2934915.92153001,788,669,2303,Hyde Park Ave & Forest Hills MBTA Station Busway Entrance,WR
772969.346449152,2961684.68329954,789,96,164,Austin St & Rutherford Ave,CH
772874.424180999,2964399.21694647,790,261,977,Bunker Hill St @ White Pool,CH
770685.825657308,2964988.9630824,791,275,3114,Cambridge St & Ramp CL,CH
773732.310956299,2961018.42485671,792,787,2345,Ramp TL & Rutherford Ave,CH
762438.261656553,2952292.07997516,793,739,8001,Mountfort St & St. Mary's St,BROOKLINE
762287.951412171,2949661.66843638,794,794,9021,Riverway & Short St,BP
774499.088081166,2954269.46857922,795,99,3076,Avenue de Lafayette & Washington St,BP
775275.732857898,2953256.37428156,796,114,1292,Beach St & Surface Rd SB,BP
775488.385679126,2958117.16118124,797,169,4120,Beverly St & North Washington St,BP
775359.882385239,2958295.60927872,798,170,4121,Beverly St & Valenti St,BP
775563.772181049,2958117.55153096,799,0,4095,"Cooper St, Cross St, North Washington St, & Ramp ST-SA",BP
760440.085470244,2934932.88101293,800,0,2165,South St & Washington St @ Forest Hill MBTA Busway Exit,WR
760473.371742129,2935274.26076384,801,0,2163,"Arborway EB Off-ramp, South St, & Washington St",WR
760426.24914597,2926429.38641788,802,468,1564,Cummins Hwy @ Shopping Center,WR
762432.489748031,2924558.10417613,803,467,955,Cummins Hwy @ #610 (near Hebron St),DO
774473.538587987,2931517.51016834,804,516,468,Dorchester Ave @ St. Mark's Church,DO
776726.942267954,2942482.38957436,805,379,2059,Columbia Rd & Pulaski I-93 SB Ramps,DO
766490.567543447,2924118.38053253,806,106,555,Babson St & Freemont St,DO
769148.196572676,2924184.9370302,807,792,971,River St @ Mattapan Heights,DO
768185.190640524,2923966.15061188,808,793,968,River St @ Ryan Playground,DO
778260.628105864,2951561.29777066,809,808,9063,South Boston Haul Rd & West Service Rd Exit,SB
774322.264419451,2945829.94056086,810,813,9989,Southampton St & South Bay Dr,RX
772532.752631336,2946312.21443501,811,814,429,Southampton St @ #112,RX
754293.262065843,2912270.42174216,812,848,2246,West Milton St @ #79,HP
750097.527983069,2955319.68908778,813,754,1133,North Beacon St @ #265,AB
780737.088645324,2960826.74536325,814,727,2309,Meridian St @ #65,EB
784899.414795071,2964113.50806507,815,156,4126,Bennington St @ Wood Island MBTA Station,EB
756128.856337905,2953796.36163503,816,242,1441,Brighton Ave & Linden Ave,AB
755428.496450156,2954804.61888629,817,282,621,"Cambridge St, Franklin St, & Harvard Ave",AB
753123.425116673,2951263.79673342,818,415,470,Commonwealth Ave & Summit Ave,AB
761850.518009022,2952411.78605469,819,293,8000,Carlton St & Mountfort St,BROOKLINE
772797.223696128,2954487.21196914,820,334,624,Charles St @ Center Gate (Boston Common),BP
764729.433206335,2943390.44040214,821,396,4125,Columbus Ave @ Jackson Sq MBTA Busway,RX
764430.082441017,2942880.25625764,822,306,3067,Centre St @ Jackson Sq MBTA Station,RX
768488.075586319,2947287.49994639,823,675,2087,Kerr Way & Melnea Cass Blvd,RX
767942.218531311,2950978.31584644,824,710,132,Massachusetts Ave @ #216,BP
780304.314264148,2951989.39494066,826,476,3129,D St & MBTA Silver Line Transitway,SB
780108.40188399,2951745.60513777,827,478,4116,D St & Ramp DB,SB
770821.250639468,2951785.54206739,828,492,2302,Dartmouth St @ MBTA Back Bay Station,BP
778749.280619472,2952074.84153719,829,203,9062,"Boston Haul Rd, Mass Haul Rd, & Ramp CT-S",SB
773550.849265099,2947724.4244118,830,601,9993,"Frontage Rd SB, Ramp A2, & Ramp I",SB
757626.241381571,2917108.1934993,831,670,3065,Hyde Park Ave @ Blake Estates/Shaw's Market,HP
779267.373267993,2950738.59315623,832,484,3130,D St @ Mid-block Ped Crossing,SB
769108.627487808,2937352.63150708,833,845,1429,Washington St @ Ladder #23,DO
765327.143201813,2948246.59667522,834,659,3097,Huntington Ave @ Engine #37,RX
757010.027111962,2925457.97620483,835,779,1901,Poplar St @ Conley School,WR
772070.268954009,2952527.63124475,836,395,405,Columbus Ave @ Engine #7,BP
791234.903300583,2965452.58696534,837,802,1811,Saratoga St @ #1158,EB
764407.14738144,2952148.47800829,838,134,1340,Beacon St @ #712,BP
779558.137716413,2953575.53328463,839,,4130,Northern Ave & Pier Four Blvd. ,
763279.895942062,2950317.7567742,840,,9022,Riverway & Riverway Connector,RX
,,841,,,,RX
756448.097269699,2933289.6153056,842,,531,Bussey Street & Walter Street,WR
781724.686996758,2949645.13769105,843,,2412,Summer St & Fed Ex Driveway/Thomas Butler Freight Corridor,SB
